<?xml version="1.0" encoding="utf-8"?>
<!--/378213/256398/2.50/4/4/Connector/-->
<quadcept_library>
  <setting unit="mil" />
  <textstyle name="Default" height="47.244094488189" strokewidth="7.8740157480315" charwidth="47.244094488189" />
  <textstyle name="Dimension" height="19.6850393700787" strokewidth="0" charwidth="19.6850393700787" />
  <textstyle name="H127W0635TH00762" height="50" strokewidth="3" charwidth="25" />
  <textstyle name="H15W15TH02" height="59.0551181102362" strokewidth="7.8740157480315" charwidth="59.0551181102362" />
  <padstyle name="r100_40" surface="True" plated="False" isvia="False" nopaste="False" nomask="True" complex="False" holesize="0">
    <padshape layer="TOP" shape="rectangle" width="15.748031496063" height="39.370078740157" />
    <padshape layer="TOP_SOLDER_MASK" shape="rectangle" width="23.622047244094" height="47.244094488188" />
    <padshape layer="TOP_SOLDER_PASTE" shape="rectangle" width="15.748031496063" height="39.370078740157" />
  </padstyle>
  <padstyle name="r200_130" surface="True" plated="False" isvia="False" nopaste="False" nomask="True" complex="False" holesize="0">
    <padshape layer="TOP" shape="rectangle" width="51.181102362204" height="78.740157480314" />
    <padshape layer="TOP_SOLDER_MASK" shape="rectangle" width="59.055118110235" height="86.614173228345" />
    <padshape layer="TOP_SOLDER_PASTE" shape="rectangle" width="51.181102362204" height="78.740157480314" />
  </padstyle>
  <footprint name="200528-0040" originx="0" originy="0" pickpointx="0" pickpointy="0">
    <pcbpin number="1" name="1" style="r100_40" originx="-59.055118110235" originy="0" rotation="0" />
    <pcbpin number="2" name="2" style="r100_40" originx="-19.685039370078" originy="0" rotation="0" />
    <pcbpin number="3" name="3" style="r100_40" originx="19.685039370078" originy="0" rotation="0" />
    <pcbpin number="4" name="4" style="r100_40" originx="59.055118110235" originy="0" rotation="0" />
    <pcbpin number="5" name="5" style="r200_130" originx="-169.29133858268" originy="-106.29921259842" rotation="90" />
    <pcbpin number="6" name="6" style="r200_130" originx="169.29133858268" originy="-106.29921259842" rotation="90" />
    <line layer="TOP_ASSEMBLY" originx="-181.10236220472" originy="0" endx="181.10236220472" endy="0" width="9.9999999999999" />
    <line layer="TOP_ASSEMBLY" originx="181.10236220472" originy="0" endx="181.10236220472" endy="-208.66141732283" width="9.9999999999999" />
    <line layer="TOP_ASSEMBLY" originx="181.10236220472" originy="-208.66141732283" endx="-181.10236220472" endy="-208.66141732283" width="9.9999999999999" />
    <line layer="TOP_ASSEMBLY" originx="-181.10236220472" originy="-208.66141732283" endx="-181.10236220472" endy="0" width="9.9999999999999" />
    <line layer="TOP_SILKSCREEN" originx="-181.10236220472" originy="-208.66141732283" endx="181.10236220472" endy="-208.66141732283" width="9.9999999999999" />
    <line layer="TOP_SILKSCREEN" originx="-181.10236220472" originy="-208.66141732283" endx="-181.10236220472" endy="-145.66929133858" width="9.9999999999999" />
    <line layer="TOP_SILKSCREEN" originx="-181.10236220472" originy="0" endx="-181.10236220472" endy="-66.929133858267" width="9.9999999999999" />
    <line layer="TOP_SILKSCREEN" originx="181.10236220472" originy="-208.66141732283" endx="181.10236220472" endy="-145.66929133858" width="9.9999999999999" />
    <line layer="TOP_SILKSCREEN" originx="181.10236220472" originy="0" endx="181.10236220472" endy="-66.929133858267" width="9.9999999999999" />
    <line layer="TOP_SILKSCREEN" originx="-181.10236220472" originy="0" endx="-82.67716535433" endy="0" width="9.9999999999999" />
    <line layer="TOP_SILKSCREEN" originx="181.10236220472" originy="0" endx="82.67716535433" endy="0" width="9.9999999999999" />
  </footprint>
  <symbol name="200528-0040" originx="0" originy="0">
    <line originx="200" originy="100" endx="600" endy="100" width="0" />
    <line originx="600" originy="-200" endx="600" endy="100" width="0" />
    <line originx="600" originy="-200" endx="200" endy="-200" width="0" />
    <line originx="200" originy="100" endx="200" endy="-200" width="0" />
    <sympin number="1" originx="200" originy="0" rotation="180" length="100" width="7.8740157480315" flipped="False">
      <text name="pinname" originx="230" originy="0" style="Default" rotation="0" justify="left" flipped="False" hidden="False" data="1" />
      <text name="pindes" originx="140" originy="20" style="Default" rotation="0" justify="lowerright" flipped="False" hidden="False" data="1" />
    </sympin>
    <sympin number="2" originx="200" originy="-100" rotation="180" length="100" width="7.8740157480315" flipped="False">
      <text name="pinname" originx="230" originy="-100" style="Default" rotation="0" justify="left" flipped="False" hidden="False" data="2" />
      <text name="pindes" originx="140" originy="-80" style="Default" rotation="0" justify="lowerright" flipped="False" hidden="False" data="2" />
    </sympin>
    <sympin number="3" originx="600" originy="0" rotation="0" length="100" width="7.8740157480315" flipped="False">
      <text name="pinname" originx="570" originy="0" style="Default" rotation="0" justify="right" flipped="False" hidden="False" data="3" />
      <text name="pindes" originx="660" originy="20" style="Default" rotation="0" justify="lowerleft" flipped="False" hidden="False" data="3" />
    </sympin>
    <sympin number="4" originx="600" originy="-100" rotation="0" length="100" width="7.8740157480315" flipped="False">
      <text name="pinname" originx="570" originy="-100" style="Default" rotation="0" justify="right" flipped="False" hidden="False" data="4" />
      <text name="pindes" originx="660" originy="-80" style="Default" rotation="0" justify="lowerleft" flipped="False" hidden="False" data="4" />
    </sympin>
  </symbol>
  <component name="200528-0040" designatorprefix="J" height="0" footprint="200528-0040">
    <comppin designator="1" sympin="1" pinswap="0" gateswap="0" gate="1" group="1" side="" type="Any" name="1" />
    <comppin designator="2" sympin="2" pinswap="0" gateswap="0" gate="1" group="1" side="" type="Any" name="2" />
    <comppin designator="3" sympin="3" pinswap="0" gateswap="0" gate="1" group="1" side="" type="Any" name="3" />
    <comppin designator="4" sympin="4" pinswap="0" gateswap="0" gate="1" group="1" side="" type="Any" name="4" />
    <attached_symbol gate="1" name="200528-0040" />
    <pinmap designator="1" footprintpin="1" />
    <pinmap designator="2" footprintpin="2" />
    <pinmap designator="3" footprintpin="3" />
    <pinmap designator="4" footprintpin="4" />
    <text name="Datasheet" originx="0" originy="0" style="Default" rotation="0" justify="" flipped="False" hidden="True" data="http://www.molex.com/webdocs/datasheets/pdf/en-us//2005280040_FFC_FPC_CONNECTORS.pdf" />
    <text name="Description" originx="0" originy="0" style="Default" rotation="0" justify="" flipped="False" hidden="True" data="1.0mm R/A FFC/FPC connector, ZIF, 4P Molex Easy-On Series 1mm Pitch 4 Way Right Angle SMT Male FPC Connector, ZIF Bottom Contact" />
    <text name="Mouser Part Number" originx="0" originy="0" style="Default" rotation="0" justify="" flipped="False" hidden="True" data="538-200528-0040" />
    <text name="Mouser Price/Stock" originx="0" originy="0" style="Default" rotation="0" justify="" flipped="False" hidden="True" data="https://www.mouser.co.uk/ProductDetail/Molex/200528-0040?qs=IvjI65BR3TWJ39ZrkPFPSw%3D%3D" />
    <text name="Manufacturer_Name" originx="0" originy="0" style="Default" rotation="0" justify="" flipped="False" hidden="True" data="Molex" />
    <text name="Manufacturer_Part_Number" originx="650" originy="200" style="Default" rotation="0" justify="left" flipped="False" hidden="False" data="200528-0040" />
  </component>
</quadcept_library>
