"Id;""Designator"";""Footprint"";""Quantity"";""Designation"";""Supplier and ref"";",,,,,,,
"1;""U5","U2"";""BAS4002ARPPE6327HTSA1"";2;""BAS4002ARPPE6327HTSA1"";;;",,,,,,
"2;""C5"";""C_0402_1005Metric_Pad0.74x0.62mm_HandSolder"";1;""0.1u"";;;",,,,,,,
"3;""C13",C9,C14,C16,C2,C18,C12,"C17"";""C_0201_0603Metric_Pad0.64x0.40mm_HandSolder"";8;""0.1u"";;;"
"4;""IC2","IC3"";""SON50P300X300X80-11N-D"";2;""ADA4807-2ACPZ-R7"";;;",,,,,,
"5;""C10"";""C_0402_1005Metric_Pad0.74x0.62mm_HandSolder"";1;""1u"";;;",,,,,,,
"6;""IC1"";""SN74LVC125ABQAR"";1;""SN74LVC125ABQAR"";;;",,,,,,,
"7;""R13",R8,R9,R14,R16,R19,R15,"R11"";""R_0201_0603Metric_Pad0.64x0.40mm_HandSolder"";8;""220k"";;;"
"8;""R18",R10,R12,"R17"";""R_0201_0603Metric_Pad0.64x0.40mm_HandSolder"";4;""22k"";;;",,,,
"9;""R6",R4,R7,"R5"";""R_0201_0603Metric_Pad0.64x0.40mm_HandSolder"";4;""0"";;;",,,,
"10;""C11"";""C_0402_1005Metric_Pad0.74x0.62mm_HandSolder"";1;""10u"";;;",,,,,,,
"11;""C1",C3,"C4"";""C_0201_0603Metric_Pad0.64x0.40mm_HandSolder"";3;""100p"";;;",,,,,
"12;""J5"";""8601000440001101"";1;""Conn_01x04_Female"";;;",,,,,,,
"13;""C6",C8,C15,"C7"";""C_0201_0603Metric_Pad0.64x0.40mm_HandSolder"";4;""47p"";;;",,,,
"14;""R2","R3"";""R_0201_0603Metric_Pad0.64x0.40mm_HandSolder"";2;""4.7k"";;;",,,,,,
"15;""TP1",TP2,TP14,"TP4"";""TestPoint_Pad_D1.0mm"";4;""TestPoint"";;;",,,,
"16;""R1"";""R_0201_0603Metric_Pad0.64x0.40mm_HandSolder"";1;""10k"";;;",,,,,,,
"17;""U7"";""ltc6702idc-trmpbf"";1;""ltc6702idc-trmpbf"";;;",,,,,,,
"18;""U4"";""LT6656BCS6-1.25-TRMPBF"";1;""LT6656BCS6-1.25-TRMPBF"";;;",,,,,,,
"19;""XTAL1"";""ABS06-32.768KHZ-9-1-T"";1;""ABS06-32.768KHZ-9-1-T"";;;",,,,,,,
"20;""J3",J2,J1,"J6"";""MOLEX_5014610491"";4;""5014610491"";;;",,,,
"21;""D1"";""LED_0402_1005Metric"";1;""LED"";;;",,,,,,,
"22;""U1"";""MSP430FR2475TRHBT"";1;""RHB0032E"";;;",,,,,,,
"23;""Y2","Y1"";""Sensor"";2;""Crystal_Small"";;;",,,,,,
