<?xml version="1.0" encoding="utf-8"?>
<!--/378336/256398/2.50/4/4/Switch/-->
<quadcept_library>
  <setting unit="mil" />
  <textstyle name="Default" height="47.244094488189" strokewidth="7.8740157480315" charwidth="47.244094488189" />
  <textstyle name="Dimension" height="19.6850393700787" strokewidth="0" charwidth="19.6850393700787" />
  <textstyle name="H127W0635TH00762" height="50" strokewidth="3" charwidth="25" />
  <textstyle name="H15W15TH02" height="59.0551181102362" strokewidth="7.8740157480315" charwidth="59.0551181102362" />
  <padstyle name="r140_105" surface="True" plated="False" isvia="False" nopaste="False" nomask="True" complex="False" holesize="0">
    <padshape layer="TOP" shape="rectangle" width="41.338582677165" height="55.11811023622" />
    <padshape layer="TOP_SOLDER_MASK" shape="rectangle" width="49.212598425196" height="62.992125984251" />
    <padshape layer="TOP_SOLDER_PASTE" shape="rectangle" width="41.338582677165" height="55.11811023622" />
  </padstyle>
  <footprint name="EVQP7J01P" originx="0" originy="0" pickpointx="0" pickpointy="0">
    <pcbpin number="1" name="1" style="r140_105" originx="-59.055118110235" originy="28.543307086614" rotation="90" />
    <pcbpin number="2" name="2" style="r140_105" originx="82.67716535433" originy="28.543307086614" rotation="90" />
    <pcbpin number="3" name="3" style="r140_105" originx="-59.055118110235" originy="-28.543307086614" rotation="90" />
    <pcbpin number="4" name="4" style="r140_105" originx="82.67716535433" originy="-28.543307086614" rotation="90" />
    <line layer="TOP_ASSEMBLY" originx="-57.086614173228" originy="57.086614173228" endx="80.708661417322" endy="57.086614173228" width="7.8740157480314" />
    <line layer="TOP_ASSEMBLY" originx="80.708661417322" originy="57.086614173228" endx="80.708661417322" endy="-57.086614173228" width="7.8740157480314" />
    <line layer="TOP_ASSEMBLY" originx="80.708661417322" originy="-57.086614173228" endx="-57.086614173228" endy="-57.086614173228" width="7.8740157480314" />
    <line layer="TOP_ASSEMBLY" originx="-57.086614173228" originy="-57.086614173228" endx="-57.086614173228" endy="57.086614173228" width="7.8740157480314" />
    <line layer="TOP_PLACE_BOUND" originx="-149.6062992126" originy="96.456692913385" endx="149.6062992126" endy="96.456692913385" width="3.9370078740157" />
    <line layer="TOP_PLACE_BOUND" originx="149.6062992126" originy="96.456692913385" endx="149.6062992126" endy="-96.456692913385" width="3.9370078740157" />
    <line layer="TOP_PLACE_BOUND" originx="149.6062992126" originy="-96.456692913385" endx="-149.6062992126" endy="-96.456692913385" width="3.9370078740157" />
    <line layer="TOP_PLACE_BOUND" originx="-149.6062992126" originy="-96.456692913385" endx="-149.6062992126" endy="96.456692913385" width="3.9370078740157" />
    <line layer="TOP_SILKSCREEN" originx="-57.086614173228" originy="57.086614173228" endx="82.67716535433" endy="57.086614173228" width="3.9370078740157" />
    <line layer="TOP_SILKSCREEN" originx="-57.086614173228" originy="-57.086614173228" endx="80.708661417322" endy="-57.086614173228" width="3.9370078740157" />
    <line layer="TOP_SILKSCREEN" originx="-106.29921259842" originy="31.496062992126" endx="-106.29921259842" endy="31.496062992126" width="7.8740157480314" />
    <arc layer="TOP_SILKSCREEN" originx="-106.29921259842" originy="27.55905511811" startangle="90.0" sweepangle="-180.0" radius="3.9370078740157" width="7.8740157480314" />
    <line layer="TOP_SILKSCREEN" originx="-106.29921259842" originy="23.622047244094" endx="-106.29921259842" endy="23.622047244094" width="7.8740157480314" />
    <arc layer="TOP_SILKSCREEN" originx="-106.29921259842" originy="27.55905511811" startangle="-90.0" sweepangle="-180.0" radius="3.9370078740157" width="7.8740157480314" />
  </footprint>
  <symbol name="EVQ-P7A01P" originx="0" originy="0">
    <line originx="200" originy="100" endx="1000" endy="100" width="0" />
    <line originx="1000" originy="-200" endx="1000" endy="100" width="0" />
    <line originx="1000" originy="-200" endx="200" endy="-200" width="0" />
    <line originx="200" originy="100" endx="200" endy="-200" width="0" />
    <sympin number="1" originx="200" originy="0" rotation="180" length="100" width="7.8740157480315" flipped="False">
      <text name="pinname" originx="230" originy="0" style="Default" rotation="0" justify="left" flipped="False" hidden="False" data="NO_1" />
      <text name="pindes" originx="140" originy="20" style="Default" rotation="0" justify="lowerright" flipped="False" hidden="False" data="1" />
    </sympin>
    <sympin number="2" originx="1000" originy="0" rotation="0" length="100" width="7.8740157480315" flipped="False">
      <text name="pinname" originx="970" originy="0" style="Default" rotation="0" justify="right" flipped="False" hidden="False" data="NO_2" />
      <text name="pindes" originx="1060" originy="20" style="Default" rotation="0" justify="lowerleft" flipped="False" hidden="False" data="2" />
    </sympin>
    <sympin number="3" originx="200" originy="-100" rotation="180" length="100" width="7.8740157480315" flipped="False">
      <text name="pinname" originx="230" originy="-100" style="Default" rotation="0" justify="left" flipped="False" hidden="False" data="COM_1" />
      <text name="pindes" originx="140" originy="-80" style="Default" rotation="0" justify="lowerright" flipped="False" hidden="False" data="3" />
    </sympin>
    <sympin number="4" originx="1000" originy="-100" rotation="0" length="100" width="7.8740157480315" flipped="False">
      <text name="pinname" originx="970" originy="-100" style="Default" rotation="0" justify="right" flipped="False" hidden="False" data="COM_2" />
      <text name="pindes" originx="1060" originy="-80" style="Default" rotation="0" justify="lowerleft" flipped="False" hidden="False" data="4" />
    </sympin>
  </symbol>
  <component name="EVQ-P7A01P" designatorprefix="S" height="39.370078740157" footprint="EVQP7J01P">
    <comppin designator="1" sympin="1" pinswap="0" gateswap="0" gate="1" group="1" side="" type="Any" name="NO_1" />
    <comppin designator="2" sympin="2" pinswap="0" gateswap="0" gate="1" group="1" side="" type="Any" name="NO_2" />
    <comppin designator="3" sympin="3" pinswap="0" gateswap="0" gate="1" group="1" side="" type="Any" name="COM_1" />
    <comppin designator="4" sympin="4" pinswap="0" gateswap="0" gate="1" group="1" side="" type="Any" name="COM_2" />
    <attached_symbol gate="1" name="EVQ-P7A01P" />
    <pinmap designator="1" footprintpin="1" />
    <pinmap designator="2" footprintpin="2" />
    <pinmap designator="3" footprintpin="3" />
    <pinmap designator="4" footprintpin="4" />
    <text name="Datasheet" originx="0" originy="0" style="Default" rotation="0" justify="" flipped="False" hidden="True" data="https://industrial.panasonic.com/cdbs/www-data/pdf/ATK0000/ATK0000C378.pdf" />
    <text name="Description" originx="0" originy="0" style="Default" rotation="0" justify="" flipped="False" hidden="True" data="Black Side Tactile Switch, Single Pole Single Throw (SPST) 50 mA @ 12 V dc 1.7mm" />
    <text name="Mouser Part Number" originx="0" originy="0" style="Default" rotation="0" justify="" flipped="False" hidden="True" data="667-EVQP7A01P" />
    <text name="Mouser Price/Stock" originx="0" originy="0" style="Default" rotation="0" justify="" flipped="False" hidden="True" data="https://www.mouser.co.uk/ProductDetail/Panasonic/EVQ-P7A01P?qs=rJ%252BziJWpysz7n3C20u6WAw%3D%3D" />
    <text name="Manufacturer_Name" originx="0" originy="0" style="Default" rotation="0" justify="" flipped="False" hidden="True" data="Panasonic" />
    <text name="Manufacturer_Part_Number" originx="1050" originy="200" style="Default" rotation="0" justify="left" flipped="False" hidden="False" data="EVQ-P7A01P" />
  </component>
</quadcept_library>
