<?xml version="1.0" encoding="utf-8"?>
<!--/852746/256398/2.50/6/2/Integrated Circuit/-->
<quadcept_library>
  <setting unit="mil" />
  <textstyle name="Default" height="47.244094488189" strokewidth="7.8740157480315" charwidth="47.244094488189" />
  <textstyle name="Dimension" height="19.6850393700787" strokewidth="0" charwidth="19.6850393700787" />
  <textstyle name="H127W0635TH00762" height="50" strokewidth="3" charwidth="25" />
  <textstyle name="H15W15TH02" height="59.0551181102362" strokewidth="7.8740157480315" charwidth="59.0551181102362" />
  <padstyle name="s60" surface="True" plated="False" isvia="False" nopaste="False" nomask="True" complex="False" holesize="0">
    <padshape layer="TOP" shape="square" width="23.622047244094" height="23.622047244094" />
    <padshape layer="TOP_SOLDER_MASK" shape="square" width="31.496062992126" height="31.496062992126" />
    <padshape layer="TOP_SOLDER_PASTE" shape="square" width="23.622047244094" height="23.622047244094" />
  </padstyle>
  <padstyle name="r60_40" surface="True" plated="False" isvia="False" nopaste="False" nomask="True" complex="False" holesize="0">
    <padshape layer="TOP" shape="rectangle" width="15.748031496063" height="23.622047244094" />
    <padshape layer="TOP_SOLDER_MASK" shape="rectangle" width="23.622047244094" height="31.496062992126" />
    <padshape layer="TOP_SOLDER_PASTE" shape="rectangle" width="15.748031496063" height="23.622047244094" />
  </padstyle>
  <footprint name="74AUP2G3404GW125" originx="0" originy="0" pickpointx="0" pickpointy="0">
    <pcbpin number="1" name="1" style="s60" originx="-35.433070866141" originy="29.527559055118" rotation="90" />
    <pcbpin number="2" name="2" style="r60_40" originx="-35.433070866141" originy="0" rotation="90" />
    <pcbpin number="3" name="3" style="s60" originx="-35.433070866141" originy="-29.527559055118" rotation="90" />
    <pcbpin number="4" name="4" style="s60" originx="35.433070866141" originy="-29.527559055118" rotation="90" />
    <pcbpin number="5" name="5" style="r60_40" originx="35.433070866141" originy="0" rotation="90" />
    <pcbpin number="6" name="6" style="s60" originx="35.433070866141" originy="29.527559055118" rotation="90" />
    <line layer="TOP_ASSEMBLY" originx="-24.606299212598" originy="-39.370078740157" endx="24.606299212598" endy="-39.370078740157" width="3.9370078740157" />
    <line layer="TOP_ASSEMBLY" originx="24.606299212598" originy="-39.370078740157" endx="24.606299212598" endy="39.370078740157" width="3.9370078740157" />
    <line layer="TOP_ASSEMBLY" originx="24.606299212598" originy="39.370078740157" endx="-24.606299212598" endy="39.370078740157" width="3.9370078740157" />
    <line layer="TOP_ASSEMBLY" originx="-24.606299212598" originy="39.370078740157" endx="-24.606299212598" endy="-39.370078740157" width="3.9370078740157" />
    <line layer="TOP_PLACE_BOUND" originx="-86.614173228345" originy="80.708661417322" endx="86.614173228345" endy="80.708661417322" width="3.9370078740157" />
    <line layer="TOP_PLACE_BOUND" originx="86.614173228345" originy="80.708661417322" endx="86.614173228345" endy="-80.708661417322" width="3.9370078740157" />
    <line layer="TOP_PLACE_BOUND" originx="86.614173228345" originy="-80.708661417322" endx="-86.614173228345" endy="-80.708661417322" width="3.9370078740157" />
    <line layer="TOP_PLACE_BOUND" originx="-86.614173228345" originy="-80.708661417322" endx="-86.614173228345" endy="80.708661417322" width="3.9370078740157" />
    <line layer="TOP_SILKSCREEN" originx="-66.929133858267" originy="29.527559055118" endx="-66.929133858267" endy="29.527559055118" width="3.9370078740157" />
    <arc layer="TOP_SILKSCREEN" originx="-64.960629921259" originy="29.527559055118" startangle="180.0" sweepangle="180.0" radius="1.9685039370079" width="3.9370078740157" />
    <line layer="TOP_SILKSCREEN" originx="-62.992125984251" originy="29.527559055118" endx="-62.992125984251" endy="29.527559055118" width="3.9370078740157" />
    <arc layer="TOP_SILKSCREEN" originx="-64.960629921259" originy="29.527559055118" startangle=".0" sweepangle="180.0" radius="1.9685039370079" width="3.9370078740157" />
  </footprint>
  <symbol name="74AUP2G3404GW,125" originx="0" originy="0">
    <line originx="200" originy="100" endx="800" endy="100" width="0" />
    <line originx="800" originy="-300" endx="800" endy="100" width="0" />
    <line originx="800" originy="-300" endx="200" endy="-300" width="0" />
    <line originx="200" originy="100" endx="200" endy="-300" width="0" />
    <sympin number="1" originx="200" originy="0" rotation="180" length="100" width="7.8740157480315" flipped="False">
      <text name="pinname" originx="230" originy="0" style="Default" rotation="0" justify="left" flipped="False" hidden="False" data="1A" />
      <text name="pindes" originx="140" originy="20" style="Default" rotation="0" justify="lowerright" flipped="False" hidden="False" data="1" />
    </sympin>
    <sympin number="2" originx="200" originy="-100" rotation="180" length="100" width="7.8740157480315" flipped="False">
      <text name="pinname" originx="230" originy="-100" style="Default" rotation="0" justify="left" flipped="False" hidden="False" data="GND" />
      <text name="pindes" originx="140" originy="-80" style="Default" rotation="0" justify="lowerright" flipped="False" hidden="False" data="2" />
    </sympin>
    <sympin number="3" originx="200" originy="-200" rotation="180" length="100" width="7.8740157480315" flipped="False">
      <text name="pinname" originx="230" originy="-200" style="Default" rotation="0" justify="left" flipped="False" hidden="False" data="2A" />
      <text name="pindes" originx="140" originy="-180" style="Default" rotation="0" justify="lowerright" flipped="False" hidden="False" data="3" />
    </sympin>
    <sympin number="4" originx="800" originy="-200" rotation="0" length="100" width="7.8740157480315" flipped="False">
      <text name="pinname" originx="770" originy="-200" style="Default" rotation="0" justify="right" flipped="False" hidden="False" data="2Y" />
      <text name="pindes" originx="860" originy="-180" style="Default" rotation="0" justify="lowerleft" flipped="False" hidden="False" data="4" />
    </sympin>
    <sympin number="5" originx="800" originy="-100" rotation="0" length="100" width="7.8740157480315" flipped="False">
      <text name="pinname" originx="770" originy="-100" style="Default" rotation="0" justify="right" flipped="False" hidden="False" data="VCC" />
      <text name="pindes" originx="860" originy="-80" style="Default" rotation="0" justify="lowerleft" flipped="False" hidden="False" data="5" />
    </sympin>
    <sympin number="6" originx="800" originy="0" rotation="0" length="100" width="7.8740157480315" flipped="False">
      <text name="pinname" originx="770" originy="0" style="Default" rotation="0" justify="right" flipped="False" hidden="False" data="1Y" />
      <text name="pindes" originx="860" originy="20" style="Default" rotation="0" justify="lowerleft" flipped="False" hidden="False" data="6" />
    </sympin>
  </symbol>
  <component name="74AUP2G3404GW,125" designatorprefix="IC" height="43.307086614173" footprint="74AUP2G3404GW125">
    <comppin designator="1" sympin="1" pinswap="0" gateswap="0" gate="1" group="1" side="" type="Any" name="1A" />
    <comppin designator="2" sympin="2" pinswap="0" gateswap="0" gate="1" group="1" side="" type="Any" name="GND" />
    <comppin designator="3" sympin="3" pinswap="0" gateswap="0" gate="1" group="1" side="" type="Any" name="2A" />
    <comppin designator="4" sympin="4" pinswap="0" gateswap="0" gate="1" group="1" side="" type="Any" name="2Y" />
    <comppin designator="5" sympin="5" pinswap="0" gateswap="0" gate="1" group="1" side="" type="Any" name="VCC" />
    <comppin designator="6" sympin="6" pinswap="0" gateswap="0" gate="1" group="1" side="" type="Any" name="1Y" />
    <attached_symbol gate="1" name="74AUP2G3404GW,125" />
    <pinmap designator="1" footprintpin="1" />
    <pinmap designator="2" footprintpin="2" />
    <pinmap designator="3" footprintpin="3" />
    <pinmap designator="4" footprintpin="4" />
    <pinmap designator="5" footprintpin="5" />
    <pinmap designator="6" footprintpin="6" />
    <text name="Datasheet" originx="0" originy="0" style="Default" rotation="0" justify="" flipped="False" hidden="True" data="https://assets.nexperia.com/documents/data-sheet/74AUP2G3404.pdf" />
    <text name="Description" originx="0" originy="0" style="Default" rotation="0" justify="" flipped="False" hidden="True" data="74AUP2G3404 - Low-power buffer and inverter@en-us" />
    <text name="Mouser Part Number" originx="0" originy="0" style="Default" rotation="0" justify="" flipped="False" hidden="True" data="771-74AUP2G3404GW125" />
    <text name="Mouser Price/Stock" originx="0" originy="0" style="Default" rotation="0" justify="" flipped="False" hidden="True" data="https://www.mouser.co.uk/ProductDetail/Nexperia/74AUP2G3404GW125?qs=NQoTdinTi9HWjwMQSTEJiw%3D%3D" />
    <text name="Manufacturer_Name" originx="0" originy="0" style="Default" rotation="0" justify="" flipped="False" hidden="True" data="Nexperia" />
    <text name="Manufacturer_Part_Number" originx="850" originy="200" style="Default" rotation="0" justify="left" flipped="False" hidden="False" data="74AUP2G3404GW,125" />
  </component>
</quadcept_library>
