<?xml version="1.0" encoding="utf-8"?>
<!--/264651/256398/2.50/17/3/Integrated Circuit/-->
<quadcept_library>
  <setting unit="mil" />
  <textstyle name="Default" height="47.244094488189" strokewidth="7.8740157480315" charwidth="47.244094488189" />
  <textstyle name="Dimension" height="19.6850393700787" strokewidth="0" charwidth="19.6850393700787" />
  <textstyle name="H127W0635TH00762" height="50" strokewidth="3" charwidth="25" />
  <textstyle name="H15W15TH02" height="59.0551181102362" strokewidth="7.8740157480315" charwidth="59.0551181102362" />
  <padstyle name="r85_35" surface="True" plated="False" isvia="False" nopaste="False" nomask="True" complex="False" holesize="0">
    <padshape layer="TOP" shape="rectangle" width="13.779527559055" height="33.464566929133" />
    <padshape layer="TOP_SOLDER_PASTE" shape="rectangle" width="13.779527559055" height="33.464566929133" />
    <padshape layer="TOP_SOLDER_MASK" shape="rectangle" width="21.653543307086" height="41.338582677165" />
  </padstyle>
  <padstyle name="r260_260" surface="True" plated="False" isvia="False" nopaste="False" nomask="True" complex="False" holesize="0">
    <padshape layer="TOP" shape="rectangle" width="102.36220472441" height="102.36220472441" />
    <padshape layer="TOP_SOLDER_MASK" shape="rectangle" width="110.23622047244" height="110.23622047244" />
    <padshape layer="TOP_SOLDER_PASTE" shape="rectangle" width="102.36220472441" height="102.36220472441" />
  </padstyle>
  <footprint name="QFN65P400X400X80-17N" originx="0" originy="0" pickpointx="0" pickpointy="0">
    <pcbpin number="1" name="1" style="r85_35" originx="-76.771653543306" originy="38.385826771653" rotation="90" />
    <pcbpin number="2" name="2" style="r85_35" originx="-76.771653543306" originy="12.795275590551" rotation="90" />
    <pcbpin number="3" name="3" style="r85_35" originx="-76.771653543306" originy="-12.795275590551" rotation="90" />
    <pcbpin number="4" name="4" style="r85_35" originx="-76.771653543306" originy="-38.385826771653" rotation="90" />
    <pcbpin number="5" name="5" style="r85_35" originx="-38.385826771653" originy="-76.771653543306" rotation="0" />
    <pcbpin number="6" name="6" style="r85_35" originx="-12.795275590551" originy="-76.771653543306" rotation="0" />
    <pcbpin number="7" name="7" style="r85_35" originx="12.795275590551" originy="-76.771653543306" rotation="0" />
    <pcbpin number="8" name="8" style="r85_35" originx="38.385826771653" originy="-76.771653543306" rotation="0" />
    <pcbpin number="9" name="9" style="r85_35" originx="76.771653543306" originy="-38.385826771653" rotation="90" />
    <pcbpin number="10" name="10" style="r85_35" originx="76.771653543306" originy="-12.795275590551" rotation="90" />
    <pcbpin number="11" name="11" style="r85_35" originx="76.771653543306" originy="12.795275590551" rotation="90" />
    <pcbpin number="12" name="12" style="r85_35" originx="76.771653543306" originy="38.385826771653" rotation="90" />
    <pcbpin number="13" name="13" style="r85_35" originx="38.385826771653" originy="76.771653543306" rotation="0" />
    <pcbpin number="14" name="14" style="r85_35" originx="12.795275590551" originy="76.771653543306" rotation="0" />
    <pcbpin number="15" name="15" style="r85_35" originx="-12.795275590551" originy="76.771653543306" rotation="0" />
    <pcbpin number="16" name="16" style="r85_35" originx="-38.385826771653" originy="76.771653543306" rotation="0" />
    <pcbpin number="17" name="17" style="r260_260" originx="0" originy="0" rotation="0" />
    <line layer="TOP_PLACE_BOUND" originx="-103.34645669291" originy="103.34645669291" endx="103.34645669291" endy="103.34645669291" width="1.9685039370079" />
    <line layer="TOP_PLACE_BOUND" originx="103.34645669291" originy="103.34645669291" endx="103.34645669291" endy="-103.34645669291" width="1.9685039370079" />
    <line layer="TOP_PLACE_BOUND" originx="103.34645669291" originy="-103.34645669291" endx="-103.34645669291" endy="-103.34645669291" width="1.9685039370079" />
    <line layer="TOP_PLACE_BOUND" originx="-103.34645669291" originy="-103.34645669291" endx="-103.34645669291" endy="103.34645669291" width="1.9685039370079" />
    <line layer="TOP_ASSEMBLY" originx="-78.740157480314" originy="78.740157480314" endx="78.740157480314" endy="78.740157480314" width="3.9370078740157" />
    <line layer="TOP_ASSEMBLY" originx="78.740157480314" originy="78.740157480314" endx="78.740157480314" endy="-78.740157480314" width="3.9370078740157" />
    <line layer="TOP_ASSEMBLY" originx="78.740157480314" originy="-78.740157480314" endx="-78.740157480314" endy="-78.740157480314" width="3.9370078740157" />
    <line layer="TOP_ASSEMBLY" originx="-78.740157480314" originy="-78.740157480314" endx="-78.740157480314" endy="78.740157480314" width="3.9370078740157" />
    <line layer="TOP_ASSEMBLY" originx="-78.740157480314" originy="53.149606299212" endx="-53.149606299212" endy="78.740157480314" width="3.9370078740157" />
    <arc layer="TOP_SILKSCREEN" originx="-93.484251968503" originy="76.771653543306" startangle="180" sweepangle="180" radius="6.3976377952755" width="12.795275590551" />
    <arc layer="TOP_SILKSCREEN" originx="-93.484251968503" originy="76.771653543306" startangle="180" sweepangle="-180" radius="6.3976377952755" width="12.795275590551" />
  </footprint>
  <symbol name="ADA4084-4ACPZ-RL" originx="0" originy="0">
    <line originx="200" originy="500" endx="1200" endy="500" width="0" />
    <line originx="1200" originy="-800" endx="1200" endy="500" width="0" />
    <line originx="1200" originy="-800" endx="200" endy="-800" width="0" />
    <line originx="200" originy="500" endx="200" endy="-800" width="0" />
    <sympin number="1" originx="200" originy="0" rotation="180" length="100" width="7.8740157480315" flipped="False">
      <text name="pinname" originx="230" originy="0" style="Default" rotation="0" justify="left" flipped="False" hidden="False" data="-IN_A" />
      <text name="pindes" originx="140" originy="20" style="Default" rotation="0" justify="lowerright" flipped="False" hidden="False" data="1" />
    </sympin>
    <sympin number="2" originx="200" originy="-100" rotation="180" length="100" width="7.8740157480315" flipped="False">
      <text name="pinname" originx="230" originy="-100" style="Default" rotation="0" justify="left" flipped="False" hidden="False" data="+IN_A" />
      <text name="pindes" originx="140" originy="-80" style="Default" rotation="0" justify="lowerright" flipped="False" hidden="False" data="2" />
    </sympin>
    <sympin number="3" originx="200" originy="-200" rotation="180" length="100" width="7.8740157480315" flipped="False">
      <text name="pinname" originx="230" originy="-200" style="Default" rotation="0" justify="left" flipped="False" hidden="False" data="V+" />
      <text name="pindes" originx="140" originy="-180" style="Default" rotation="0" justify="lowerright" flipped="False" hidden="False" data="3" />
    </sympin>
    <sympin number="4" originx="200" originy="-300" rotation="180" length="100" width="7.8740157480315" flipped="False">
      <text name="pinname" originx="230" originy="-300" style="Default" rotation="0" justify="left" flipped="False" hidden="False" data="+IN_B" />
      <text name="pindes" originx="140" originy="-280" style="Default" rotation="0" justify="lowerright" flipped="False" hidden="False" data="4" />
    </sympin>
    <sympin number="5" originx="500" originy="-800" rotation="270" length="100" width="7.8740157480315" flipped="False">
      <text name="pinname" originx="500" originy="-770" style="Default" rotation="0" justify="left" flipped="False" hidden="False" data="-IN_B" />
      <text name="pindes" originx="480" originy="-860" style="Default" rotation="0" justify="lowerright" flipped="False" hidden="False" data="5" />
    </sympin>
    <sympin number="6" originx="600" originy="-800" rotation="270" length="100" width="7.8740157480315" flipped="False">
      <text name="pinname" originx="600" originy="-770" style="Default" rotation="0" justify="left" flipped="False" hidden="False" data="OUT_B" />
      <text name="pindes" originx="580" originy="-860" style="Default" rotation="0" justify="lowerright" flipped="False" hidden="False" data="6" />
    </sympin>
    <sympin number="7" originx="700" originy="-800" rotation="270" length="100" width="7.8740157480315" flipped="False">
      <text name="pinname" originx="700" originy="-770" style="Default" rotation="0" justify="left" flipped="False" hidden="False" data="OUT_C" />
      <text name="pindes" originx="680" originy="-860" style="Default" rotation="0" justify="lowerright" flipped="False" hidden="False" data="7" />
    </sympin>
    <sympin number="8" originx="800" originy="-800" rotation="270" length="100" width="7.8740157480315" flipped="False">
      <text name="pinname" originx="800" originy="-770" style="Default" rotation="0" justify="left" flipped="False" hidden="False" data="-IN_C" />
      <text name="pindes" originx="780" originy="-860" style="Default" rotation="0" justify="lowerright" flipped="False" hidden="False" data="8" />
    </sympin>
    <sympin number="12" originx="1200" originy="0" rotation="0" length="100" width="7.8740157480315" flipped="False">
      <text name="pinname" originx="1170" originy="0" style="Default" rotation="0" justify="right" flipped="False" hidden="False" data="-IN_D" />
      <text name="pindes" originx="1260" originy="20" style="Default" rotation="0" justify="lowerleft" flipped="False" hidden="False" data="12" />
    </sympin>
    <sympin number="11" originx="1200" originy="-100" rotation="0" length="100" width="7.8740157480315" flipped="False">
      <text name="pinname" originx="1170" originy="-100" style="Default" rotation="0" justify="right" flipped="False" hidden="False" data="+IN_D" />
      <text name="pindes" originx="1260" originy="-80" style="Default" rotation="0" justify="lowerleft" flipped="False" hidden="False" data="11" />
    </sympin>
    <sympin number="10" originx="1200" originy="-200" rotation="0" length="100" width="7.8740157480315" flipped="False">
      <text name="pinname" originx="1170" originy="-200" style="Default" rotation="0" justify="right" flipped="False" hidden="False" data="V-" />
      <text name="pindes" originx="1260" originy="-180" style="Default" rotation="0" justify="lowerleft" flipped="False" hidden="False" data="10" />
    </sympin>
    <sympin number="9" originx="1200" originy="-300" rotation="0" length="100" width="7.8740157480315" flipped="False">
      <text name="pinname" originx="1170" originy="-300" style="Default" rotation="0" justify="right" flipped="False" hidden="False" data="+IN_C" />
      <text name="pindes" originx="1260" originy="-280" style="Default" rotation="0" justify="lowerleft" flipped="False" hidden="False" data="9" />
    </sympin>
    <sympin number="17" originx="500" originy="500" rotation="90" length="100" width="7.8740157480315" flipped="False">
      <text name="pinname" originx="500" originy="470" style="Default" rotation="0" justify="right" flipped="False" hidden="False" data="EP" />
      <text name="pindes" originx="480" originy="560" style="Default" rotation="0" justify="lowerleft" flipped="False" hidden="False" data="17" />
    </sympin>
    <sympin number="16" originx="600" originy="500" rotation="90" length="100" width="7.8740157480315" flipped="False">
      <text name="pinname" originx="600" originy="470" style="Default" rotation="0" justify="right" flipped="False" hidden="False" data="NIC_2" />
      <text name="pindes" originx="580" originy="560" style="Default" rotation="0" justify="lowerleft" flipped="False" hidden="False" data="16" />
    </sympin>
    <sympin number="15" originx="700" originy="500" rotation="90" length="100" width="7.8740157480315" flipped="False">
      <text name="pinname" originx="700" originy="470" style="Default" rotation="0" justify="right" flipped="False" hidden="False" data="OUT_A" />
      <text name="pindes" originx="680" originy="560" style="Default" rotation="0" justify="lowerleft" flipped="False" hidden="False" data="15" />
    </sympin>
    <sympin number="14" originx="800" originy="500" rotation="90" length="100" width="7.8740157480315" flipped="False">
      <text name="pinname" originx="800" originy="470" style="Default" rotation="0" justify="right" flipped="False" hidden="False" data="OUT_D" />
      <text name="pindes" originx="780" originy="560" style="Default" rotation="0" justify="lowerleft" flipped="False" hidden="False" data="14" />
    </sympin>
    <sympin number="13" originx="900" originy="500" rotation="90" length="100" width="7.8740157480315" flipped="False">
      <text name="pinname" originx="900" originy="470" style="Default" rotation="0" justify="right" flipped="False" hidden="False" data="NIC_1" />
      <text name="pindes" originx="880" originy="560" style="Default" rotation="0" justify="lowerleft" flipped="False" hidden="False" data="13" />
    </sympin>
  </symbol>
  <component name="ADA4084-4ACPZ-RL" designatorprefix="IC" height="31.496062992126" footprint="QFN65P400X400X80-17N">
    <comppin designator="1" sympin="1" pinswap="0" gateswap="0" gate="1" group="1" side="" type="Any" name="-IN_A" />
    <comppin designator="2" sympin="2" pinswap="0" gateswap="0" gate="1" group="1" side="" type="Any" name="+IN_A" />
    <comppin designator="3" sympin="3" pinswap="0" gateswap="0" gate="1" group="1" side="" type="Any" name="V+" />
    <comppin designator="4" sympin="4" pinswap="0" gateswap="0" gate="1" group="1" side="" type="Any" name="+IN_B" />
    <comppin designator="5" sympin="5" pinswap="0" gateswap="0" gate="1" group="1" side="" type="Any" name="-IN_B" />
    <comppin designator="6" sympin="6" pinswap="0" gateswap="0" gate="1" group="1" side="" type="Any" name="OUT_B" />
    <comppin designator="7" sympin="7" pinswap="0" gateswap="0" gate="1" group="1" side="" type="Any" name="OUT_C" />
    <comppin designator="8" sympin="8" pinswap="0" gateswap="0" gate="1" group="1" side="" type="Any" name="-IN_C" />
    <comppin designator="9" sympin="9" pinswap="0" gateswap="0" gate="1" group="1" side="" type="Any" name="+IN_C" />
    <comppin designator="10" sympin="10" pinswap="0" gateswap="0" gate="1" group="1" side="" type="Any" name="V-" />
    <comppin designator="11" sympin="11" pinswap="0" gateswap="0" gate="1" group="1" side="" type="Any" name="+IN_D" />
    <comppin designator="12" sympin="12" pinswap="0" gateswap="0" gate="1" group="1" side="" type="Any" name="-IN_D" />
    <comppin designator="13" sympin="13" pinswap="0" gateswap="0" gate="1" group="1" side="" type="Any" name="NIC_1" />
    <comppin designator="14" sympin="14" pinswap="0" gateswap="0" gate="1" group="1" side="" type="Any" name="OUT_D" />
    <comppin designator="15" sympin="15" pinswap="0" gateswap="0" gate="1" group="1" side="" type="Any" name="OUT_A" />
    <comppin designator="16" sympin="16" pinswap="0" gateswap="0" gate="1" group="1" side="" type="Any" name="NIC_2" />
    <comppin designator="17" sympin="17" pinswap="0" gateswap="0" gate="1" group="1" side="" type="Any" name="EP" />
    <attached_symbol gate="1" name="ADA4084-4ACPZ-RL" />
    <pinmap designator="1" footprintpin="1" />
    <pinmap designator="2" footprintpin="2" />
    <pinmap designator="3" footprintpin="3" />
    <pinmap designator="4" footprintpin="4" />
    <pinmap designator="5" footprintpin="5" />
    <pinmap designator="6" footprintpin="6" />
    <pinmap designator="7" footprintpin="7" />
    <pinmap designator="8" footprintpin="8" />
    <pinmap designator="9" footprintpin="9" />
    <pinmap designator="10" footprintpin="10" />
    <pinmap designator="11" footprintpin="11" />
    <pinmap designator="12" footprintpin="12" />
    <pinmap designator="13" footprintpin="13" />
    <pinmap designator="14" footprintpin="14" />
    <pinmap designator="15" footprintpin="15" />
    <pinmap designator="16" footprintpin="16" />
    <pinmap designator="17" footprintpin="17" />
    <text name="Datasheet" originx="0" originy="0" style="Default" rotation="0" justify="" flipped="False" hidden="True" data="https://componentsearchengine.com/Datasheets/2/ADA4084-4ACPZ-RL.pdf" />
    <text name="Description" originx="0" originy="0" style="Default" rotation="0" justify="" flipped="False" hidden="True" data="ANALOG DEVICES - ADA4084-4ACPZ-RL - OP AMP, QUAD, 15.9MHZ, 4.6V/US, LFCSP-16" />
    <text name="Mouser Part Number" originx="0" originy="0" style="Default" rotation="0" justify="" flipped="False" hidden="True" data="584-ADA4084-4ACPZ-RL" />
    <text name="Mouser Price/Stock" originx="0" originy="0" style="Default" rotation="0" justify="" flipped="False" hidden="True" data="https://www.mouser.co.uk/ProductDetail/Analog-Devices/ADA4084-4ACPZ-RL?qs=Ky1INM14uHqns%252Brt3xEIgg%3D%3D" />
    <text name="Manufacturer_Name" originx="0" originy="0" style="Default" rotation="0" justify="" flipped="False" hidden="True" data="Analog Devices" />
    <text name="Manufacturer_Part_Number" originx="1250" originy="600" style="Default" rotation="0" justify="left" flipped="False" hidden="False" data="ADA4084-4ACPZ-RL" />
  </component>
</quadcept_library>
