<?xml version="1.0" encoding="utf-8"?>
<!--/272461/256398/2.50/2/4/Connector/-->
<quadcept_library>
  <setting unit="mil" />
  <textstyle name="Default" height="47.244094488189" strokewidth="7.8740157480315" charwidth="47.244094488189" />
  <textstyle name="Dimension" height="19.6850393700787" strokewidth="0" charwidth="19.6850393700787" />
  <textstyle name="H127W0635TH00762" height="50" strokewidth="3" charwidth="25" />
  <textstyle name="H15W15TH02" height="59.0551181102362" strokewidth="7.8740157480315" charwidth="59.0551181102362" />
  <padstyle name="r340_150" surface="True" plated="False" isvia="False" nopaste="False" nomask="True" complex="False" holesize="0">
    <padshape layer="TOP" shape="rectangle" width="59.055118110235" height="133.85826771653" />
    <padshape layer="TOP_SOLDER_MASK" shape="rectangle" width="66.929133858267" height="141.73228346457" />
    <padshape layer="TOP_SOLDER_PASTE" shape="rectangle" width="59.055118110235" height="133.85826771653" />
  </padstyle>
  <padstyle name="r350_100" surface="True" plated="False" isvia="False" nopaste="False" nomask="True" complex="False" holesize="0">
    <padshape layer="TOP" shape="rectangle" width="39.370078740157" height="137.79527559055" />
    <padshape layer="TOP_SOLDER_MASK" shape="rectangle" width="47.244094488188" height="145.66929133858" />
    <padshape layer="TOP_SOLDER_PASTE" shape="rectangle" width="39.370078740157" height="137.79527559055" />
  </padstyle>
  <footprint name="1769" originx="0" originy="0" pickpointx="0" pickpointy="0">
    <pcbpin number="1" name="1" style="r350_100" originx="-39.370078740157" originy="0" rotation="0" />
    <pcbpin number="2" name="2" style="r350_100" originx="39.370078740157" originy="0" rotation="0" />
    <pcbpin number="3" name="3" style="r340_150" originx="-131.88976377953" originy="-218.50393700787" rotation="0" />
    <pcbpin number="4" name="4" style="r340_150" originx="131.88976377953" originy="-218.50393700787" rotation="0" />
    <line layer="TOP_ASSEMBLY" originx="-155.51181102362" originy="0" endx="155.51181102362" endy="0" width="7.8740157480314" />
    <line layer="TOP_ASSEMBLY" originx="155.51181102362" originy="0" endx="155.51181102362" endy="-269.64566929134" width="7.8740157480314" />
    <line layer="TOP_ASSEMBLY" originx="155.51181102362" originy="-269.64566929134" endx="-155.51181102362" endy="-269.64566929134" width="7.8740157480314" />
    <line layer="TOP_ASSEMBLY" originx="-155.51181102362" originy="-269.64566929134" endx="-155.51181102362" endy="0" width="7.8740157480314" />
    <line layer="TOP_SILKSCREEN" originx="-155.51181102362" originy="0" endx="-155.51181102362" endy="-134.84251968504" width="7.8740157480314" />
    <line layer="TOP_SILKSCREEN" originx="155.51181102362" originy="0" endx="155.51181102362" endy="-134.84251968504" width="7.8740157480314" />
    <line layer="TOP_SILKSCREEN" originx="-155.51181102362" originy="0" endx="-74.803149606298" endy="0" width="7.8740157480314" />
    <line layer="TOP_SILKSCREEN" originx="155.51181102362" originy="0" endx="74.803149606298" endy="0" width="7.8740157480314" />
    <line layer="TOP_SILKSCREEN" originx="-86.456692913385" originy="-269.64566929134" endx="86.456692913385" endy="-269.64566929134" width="7.8740157480314" />
    <arc layer="TOP_SILKSCREEN" originx="-42.086614173228" originy="101.65354330709" startangle="180" sweepangle="180" radius="2.0472440944882" width="7.8740157480314" />
    <arc layer="TOP_SILKSCREEN" originx="-42.086614173228" originy="101.65354330709" startangle="180" sweepangle="-180" radius="2.0472440944882" width="7.8740157480314" />
  </footprint>
  <symbol name="1769" originx="0" originy="0">
    <line originx="200" originy="100" endx="600" endy="100" width="0" />
    <line originx="600" originy="-100" endx="600" endy="100" width="0" />
    <line originx="600" originy="-100" endx="200" endy="-100" width="0" />
    <line originx="200" originy="100" endx="200" endy="-100" width="0" />
    <sympin number="1" originx="200" originy="0" rotation="180" length="100" width="7.8740157480315" flipped="False">
      <text name="pinname" originx="230" originy="0" style="Default" rotation="0" justify="left" flipped="False" hidden="False" data="1" />
      <text name="pindes" originx="140" originy="20" style="Default" rotation="0" justify="lowerright" flipped="False" hidden="False" data="1" />
    </sympin>
    <sympin number="2" originx="600" originy="0" rotation="0" length="100" width="7.8740157480315" flipped="False">
      <text name="pinname" originx="570" originy="0" style="Default" rotation="0" justify="right" flipped="False" hidden="False" data="2" />
      <text name="pindes" originx="660" originy="20" style="Default" rotation="0" justify="lowerleft" flipped="False" hidden="False" data="2" />
    </sympin>
  </symbol>
  <component name="1769" designatorprefix="J" height="0" footprint="1769">
    <comppin designator="1" sympin="1" pinswap="0" gateswap="0" gate="1" group="1" side="" type="Any" name="1" />
    <comppin designator="2" sympin="2" pinswap="0" gateswap="0" gate="1" group="1" side="" type="Any" name="2" />
    <attached_symbol gate="1" name="1769" />
    <pinmap designator="1" footprintpin="1" />
    <pinmap designator="2" footprintpin="2" />
    <text name="Datasheet" originx="0" originy="0" style="Default" rotation="0" justify="" flipped="False" hidden="True" data="https://cdn-shop.adafruit.com/datasheets/17311.pdf" />
    <text name="Description" originx="0" originy="0" style="Default" rotation="0" justify="" flipped="False" hidden="True" data="Adafruit Accessories JST-PH 2-pin SMT Right Angle Connect" />
    <text name="Mouser Part Number" originx="0" originy="0" style="Default" rotation="0" justify="" flipped="False" hidden="True" data="485-1769" />
    <text name="Mouser Price/Stock" originx="0" originy="0" style="Default" rotation="0" justify="" flipped="False" hidden="True" data="https://www.mouser.co.uk/ProductDetail/Adafruit/1769?qs=GURawfaeGuBbgoGtf2XstA%3D%3D" />
    <text name="Manufacturer_Name" originx="0" originy="0" style="Default" rotation="0" justify="" flipped="False" hidden="True" data="Adafruit" />
    <text name="Manufacturer_Part_Number" originx="650" originy="200" style="Default" rotation="0" justify="left" flipped="False" hidden="False" data="1769" />
  </component>
</quadcept_library>
