<?xml version="1.0" encoding="utf-8"?>
<!--/19555280/256398/2.50/15/3/Integrated Circuit/-->
<quadcept_library>
  <setting unit="mil" />
  <textstyle name="Default" height="47.244094488189" strokewidth="7.8740157480315" charwidth="47.244094488189" />
  <textstyle name="Dimension" height="19.6850393700787" strokewidth="0" charwidth="19.6850393700787" />
  <textstyle name="H127W0635TH00762" height="50" strokewidth="3" charwidth="25" />
  <textstyle name="H15W15TH02" height="59.0551181102362" strokewidth="7.8740157480315" charwidth="59.0551181102362" />
  <padstyle name="r60_25" surface="True" plated="False" isvia="False" nopaste="False" nomask="True" complex="False" holesize="0">
    <padshape layer="TOP" shape="rectangle" width="9.8425196850392" height="23.622047244094" />
    <padshape layer="TOP_SOLDER_MASK" shape="rectangle" width="17.716535433071" height="31.496062992126" />
    <padshape layer="TOP_SOLDER_PASTE" shape="rectangle" width="9.8425196850392" height="23.622047244094" />
  </padstyle>
  <padstyle name="r150_100" surface="True" plated="False" isvia="False" nopaste="False" nomask="True" complex="False" holesize="0">
    <padshape layer="TOP" shape="rectangle" width="39.370078740157" height="59.055118110235" />
    <padshape layer="TOP_SOLDER_MASK" shape="rectangle" width="47.244094488188" height="66.929133858267" />
    <padshape layer="TOP_SOLDER_PASTE" shape="rectangle" width="39.370078740157" height="59.055118110235" />
  </padstyle>
  <footprint name="SN74LVC125ABQAR" originx="0" originy="0" pickpointx="0" pickpointy="0">
    <pcbpin number="1" name="1" style="r60_25" originx="-9.8425196850392" originy="55.11811023622" rotation="0" />
    <pcbpin number="2" name="2" style="r60_25" originx="-45.275590551181" originy="39.370078740157" rotation="90" />
    <pcbpin number="3" name="3" style="r60_25" originx="-45.275590551181" originy="19.685039370078" rotation="90" />
    <pcbpin number="4" name="4" style="r60_25" originx="-45.275590551181" originy="0" rotation="90" />
    <pcbpin number="5" name="5" style="r60_25" originx="-45.275590551181" originy="-19.685039370078" rotation="90" />
    <pcbpin number="6" name="6" style="r60_25" originx="-45.275590551181" originy="-39.370078740157" rotation="90" />
    <pcbpin number="7" name="7" style="r60_25" originx="-9.8425196850392" originy="-55.11811023622" rotation="0" />
    <pcbpin number="8" name="8" style="r60_25" originx="9.8425196850392" originy="-55.11811023622" rotation="0" />
    <pcbpin number="9" name="9" style="r60_25" originx="45.275590551181" originy="-39.370078740157" rotation="90" />
    <pcbpin number="10" name="10" style="r60_25" originx="45.275590551181" originy="-19.685039370078" rotation="90" />
    <pcbpin number="11" name="11" style="r60_25" originx="45.275590551181" originy="0" rotation="90" />
    <pcbpin number="12" name="12" style="r60_25" originx="45.275590551181" originy="19.685039370078" rotation="90" />
    <pcbpin number="13" name="13" style="r60_25" originx="45.275590551181" originy="39.370078740157" rotation="90" />
    <pcbpin number="14" name="14" style="r60_25" originx="9.8425196850392" originy="55.11811023622" rotation="0" />
    <pcbpin number="15" name="15" style="r150_100" originx="0" originy="0" rotation="0" />
    <line layer="TOP_ASSEMBLY" originx="-49.212598425196" originy="59.055118110235" endx="49.212598425196" endy="59.055118110235" width="3.9370078740157" />
    <line layer="TOP_ASSEMBLY" originx="49.212598425196" originy="59.055118110235" endx="49.212598425196" endy="-59.055118110235" width="3.9370078740157" />
    <line layer="TOP_ASSEMBLY" originx="49.212598425196" originy="-59.055118110235" endx="-49.212598425196" endy="-59.055118110235" width="3.9370078740157" />
    <line layer="TOP_ASSEMBLY" originx="-49.212598425196" originy="-59.055118110235" endx="-49.212598425196" endy="59.055118110235" width="3.9370078740157" />
    <line layer="TOP_PLACE_BOUND" originx="-96.456692913385" originy="106.29921259842" endx="96.456692913385" endy="106.29921259842" width="3.9370078740157" />
    <line layer="TOP_PLACE_BOUND" originx="96.456692913385" originy="106.29921259842" endx="96.456692913385" endy="-106.29921259842" width="3.9370078740157" />
    <line layer="TOP_PLACE_BOUND" originx="96.456692913385" originy="-106.29921259842" endx="-96.456692913385" endy="-106.29921259842" width="3.9370078740157" />
    <line layer="TOP_PLACE_BOUND" originx="-96.456692913385" originy="-106.29921259842" endx="-96.456692913385" endy="106.29921259842" width="3.9370078740157" />
    <line layer="TOP_SILKSCREEN" originx="-9.8425196850392" originy="86.614173228345" endx="-9.8425196850392" endy="86.614173228345" width="3.9370078740157" />
    <arc layer="TOP_SILKSCREEN" originx="-9.8425196850392" originy="84.645669291338" startangle="90.0" sweepangle="180.0" radius="1.9685039370079" width="3.9370078740157" />
    <line layer="TOP_SILKSCREEN" originx="-9.8425196850392" originy="82.67716535433" endx="-9.8425196850392" endy="82.67716535433" width="3.9370078740157" />
    <arc layer="TOP_SILKSCREEN" originx="-9.8425196850392" originy="84.645669291338" startangle="-90.0" sweepangle="180.0" radius="1.9685039370079" width="3.9370078740157" />
  </footprint>
  <symbol name="SN74LVC125ABQAR" originx="0" originy="0">
    <line originx="200" originy="400" endx="1000" endy="400" width="0" />
    <line originx="1000" originy="-800" endx="1000" endy="400" width="0" />
    <line originx="1000" originy="-800" endx="200" endy="-800" width="0" />
    <line originx="200" originy="400" endx="200" endy="-800" width="0" />
    <sympin number="1" originx="500" originy="400" rotation="90" length="100" width="7.8740157480315" flipped="False">
      <text name="pinname" originx="500" originy="370" style="Default" rotation="0" justify="right" flipped="False" hidden="False" data="1\OE" />
      <text name="pindes" originx="480" originy="460" style="Default" rotation="0" justify="lowerleft" flipped="False" hidden="False" data="1" />
    </sympin>
    <sympin number="2" originx="200" originy="0" rotation="180" length="100" width="7.8740157480315" flipped="False">
      <text name="pinname" originx="230" originy="0" style="Default" rotation="0" justify="left" flipped="False" hidden="False" data="1A" />
      <text name="pindes" originx="140" originy="20" style="Default" rotation="0" justify="lowerright" flipped="False" hidden="False" data="2" />
    </sympin>
    <sympin number="3" originx="200" originy="-100" rotation="180" length="100" width="7.8740157480315" flipped="False">
      <text name="pinname" originx="230" originy="-100" style="Default" rotation="0" justify="left" flipped="False" hidden="False" data="1Y" />
      <text name="pindes" originx="140" originy="-80" style="Default" rotation="0" justify="lowerright" flipped="False" hidden="False" data="3" />
    </sympin>
    <sympin number="4" originx="200" originy="-200" rotation="180" length="100" width="7.8740157480315" flipped="False">
      <text name="pinname" originx="230" originy="-200" style="Default" rotation="0" justify="left" flipped="False" hidden="False" data="2\OE" />
      <text name="pindes" originx="140" originy="-180" style="Default" rotation="0" justify="lowerright" flipped="False" hidden="False" data="4" />
    </sympin>
    <sympin number="5" originx="200" originy="-300" rotation="180" length="100" width="7.8740157480315" flipped="False">
      <text name="pinname" originx="230" originy="-300" style="Default" rotation="0" justify="left" flipped="False" hidden="False" data="2A" />
      <text name="pindes" originx="140" originy="-280" style="Default" rotation="0" justify="lowerright" flipped="False" hidden="False" data="5" />
    </sympin>
    <sympin number="6" originx="200" originy="-400" rotation="180" length="100" width="7.8740157480315" flipped="False">
      <text name="pinname" originx="230" originy="-400" style="Default" rotation="0" justify="left" flipped="False" hidden="False" data="2Y" />
      <text name="pindes" originx="140" originy="-380" style="Default" rotation="0" justify="lowerright" flipped="False" hidden="False" data="6" />
    </sympin>
    <sympin number="7" originx="500" originy="-800" rotation="270" length="100" width="7.8740157480315" flipped="False">
      <text name="pinname" originx="500" originy="-770" style="Default" rotation="0" justify="left" flipped="False" hidden="False" data="GND" />
      <text name="pindes" originx="480" originy="-860" style="Default" rotation="0" justify="lowerright" flipped="False" hidden="False" data="7" />
    </sympin>
    <sympin number="8" originx="600" originy="-800" rotation="270" length="100" width="7.8740157480315" flipped="False">
      <text name="pinname" originx="600" originy="-770" style="Default" rotation="0" justify="left" flipped="False" hidden="False" data="3Y" />
      <text name="pindes" originx="580" originy="-860" style="Default" rotation="0" justify="lowerright" flipped="False" hidden="False" data="8" />
    </sympin>
    <sympin number="9" originx="1000" originy="-400" rotation="0" length="100" width="7.8740157480315" flipped="False">
      <text name="pinname" originx="970" originy="-400" style="Default" rotation="0" justify="right" flipped="False" hidden="False" data="3A" />
      <text name="pindes" originx="1060" originy="-380" style="Default" rotation="0" justify="lowerleft" flipped="False" hidden="False" data="9" />
    </sympin>
    <sympin number="10" originx="1000" originy="-300" rotation="0" length="100" width="7.8740157480315" flipped="False">
      <text name="pinname" originx="970" originy="-300" style="Default" rotation="0" justify="right" flipped="False" hidden="False" data="3\OE" />
      <text name="pindes" originx="1060" originy="-280" style="Default" rotation="0" justify="lowerleft" flipped="False" hidden="False" data="10" />
    </sympin>
    <sympin number="11" originx="1000" originy="-200" rotation="0" length="100" width="7.8740157480315" flipped="False">
      <text name="pinname" originx="970" originy="-200" style="Default" rotation="0" justify="right" flipped="False" hidden="False" data="4Y" />
      <text name="pindes" originx="1060" originy="-180" style="Default" rotation="0" justify="lowerleft" flipped="False" hidden="False" data="11" />
    </sympin>
    <sympin number="12" originx="1000" originy="-100" rotation="0" length="100" width="7.8740157480315" flipped="False">
      <text name="pinname" originx="970" originy="-100" style="Default" rotation="0" justify="right" flipped="False" hidden="False" data="4A" />
      <text name="pindes" originx="1060" originy="-80" style="Default" rotation="0" justify="lowerleft" flipped="False" hidden="False" data="12" />
    </sympin>
    <sympin number="13" originx="1000" originy="0" rotation="0" length="100" width="7.8740157480315" flipped="False">
      <text name="pinname" originx="970" originy="0" style="Default" rotation="0" justify="right" flipped="False" hidden="False" data="4\OE" />
      <text name="pindes" originx="1060" originy="20" style="Default" rotation="0" justify="lowerleft" flipped="False" hidden="False" data="13" />
    </sympin>
    <sympin number="14" originx="700" originy="400" rotation="90" length="100" width="7.8740157480315" flipped="False">
      <text name="pinname" originx="700" originy="370" style="Default" rotation="0" justify="right" flipped="False" hidden="False" data="VCC" />
      <text name="pindes" originx="680" originy="460" style="Default" rotation="0" justify="lowerleft" flipped="False" hidden="False" data="14" />
    </sympin>
    <sympin number="15" originx="600" originy="400" rotation="90" length="100" width="7.8740157480315" flipped="False">
      <text name="pinname" originx="600" originy="370" style="Default" rotation="0" justify="right" flipped="False" hidden="False" data="EP" />
      <text name="pindes" originx="580" originy="460" style="Default" rotation="0" justify="lowerleft" flipped="False" hidden="False" data="15" />
    </sympin>
  </symbol>
  <component name="SN74LVC125ABQAR" designatorprefix="IC" height="31.496062992126" footprint="SN74LVC125ABQAR">
    <comppin designator="1" sympin="1" pinswap="0" gateswap="0" gate="1" group="1" side="" type="Any" name="1|OE" />
    <comppin designator="2" sympin="2" pinswap="0" gateswap="0" gate="1" group="1" side="" type="Any" name="1A" />
    <comppin designator="3" sympin="3" pinswap="0" gateswap="0" gate="1" group="1" side="" type="Any" name="1Y" />
    <comppin designator="4" sympin="4" pinswap="0" gateswap="0" gate="1" group="1" side="" type="Any" name="2|OE" />
    <comppin designator="5" sympin="5" pinswap="0" gateswap="0" gate="1" group="1" side="" type="Any" name="2A" />
    <comppin designator="6" sympin="6" pinswap="0" gateswap="0" gate="1" group="1" side="" type="Any" name="2Y" />
    <comppin designator="7" sympin="7" pinswap="0" gateswap="0" gate="1" group="1" side="" type="Any" name="GND" />
    <comppin designator="8" sympin="8" pinswap="0" gateswap="0" gate="1" group="1" side="" type="Any" name="3Y" />
    <comppin designator="9" sympin="9" pinswap="0" gateswap="0" gate="1" group="1" side="" type="Any" name="3A" />
    <comppin designator="10" sympin="10" pinswap="0" gateswap="0" gate="1" group="1" side="" type="Any" name="3|OE" />
    <comppin designator="11" sympin="11" pinswap="0" gateswap="0" gate="1" group="1" side="" type="Any" name="4Y" />
    <comppin designator="12" sympin="12" pinswap="0" gateswap="0" gate="1" group="1" side="" type="Any" name="4A" />
    <comppin designator="13" sympin="13" pinswap="0" gateswap="0" gate="1" group="1" side="" type="Any" name="4|OE" />
    <comppin designator="14" sympin="14" pinswap="0" gateswap="0" gate="1" group="1" side="" type="Any" name="VCC" />
    <comppin designator="15" sympin="15" pinswap="0" gateswap="0" gate="1" group="1" side="" type="Any" name="EP" />
    <attached_symbol gate="1" name="SN74LVC125ABQAR" />
    <pinmap designator="1" footprintpin="1" />
    <pinmap designator="2" footprintpin="2" />
    <pinmap designator="3" footprintpin="3" />
    <pinmap designator="4" footprintpin="4" />
    <pinmap designator="5" footprintpin="5" />
    <pinmap designator="6" footprintpin="6" />
    <pinmap designator="7" footprintpin="7" />
    <pinmap designator="8" footprintpin="8" />
    <pinmap designator="9" footprintpin="9" />
    <pinmap designator="10" footprintpin="10" />
    <pinmap designator="11" footprintpin="11" />
    <pinmap designator="12" footprintpin="12" />
    <pinmap designator="13" footprintpin="13" />
    <pinmap designator="14" footprintpin="14" />
    <pinmap designator="15" footprintpin="15" />
    <text name="Datasheet" originx="0" originy="0" style="Default" rotation="0" justify="" flipped="False" hidden="True" data="https://www.ti.com/lit/ds/symlink/sn74lvc125a.pdf?ts=1714372352107&amp;ref_url=https%3A%2F%2Fwww.google.pl%2F" />
    <text name="Description" originx="0" originy="0" style="Default" rotation="0" justify="" flipped="False" hidden="True" data="Four-channel 1.65V-to-3.6V buffers with 3-state outputs" />
    <text name="Mouser Part Number" originx="0" originy="0" style="Default" rotation="0" justify="" flipped="False" hidden="True" data="595-SN74LVC125ABQAR" />
    <text name="Mouser Price/Stock" originx="0" originy="0" style="Default" rotation="0" justify="" flipped="False" hidden="True" data="https://www.mouser.co.uk/ProductDetail/Texas-Instruments/SN74LVC125ABQAR?qs=dbcCsuKDzFUB0GCYXjjCYg%3D%3D" />
    <text name="Manufacturer_Name" originx="0" originy="0" style="Default" rotation="0" justify="" flipped="False" hidden="True" data="Texas Instruments" />
    <text name="Manufacturer_Part_Number" originx="1050" originy="500" style="Default" rotation="0" justify="left" flipped="False" hidden="False" data="SN74LVC125ABQAR" />
  </component>
</quadcept_library>
